{"cameraMode":{"drawMode":0,"name":"Shaded","section":"Shading Mode"},"sceneLighting":false,"audioPlay":false,"sceneViewState":{"m_AlwaysRefresh":false,"showFog":true,"showSkybox":false,"showFlares":true,"showImageEffects":true,"showParticleSystems":true,"showVisualEffectGraphs":true,"m_FxEnabled":true},"in2DMode":false,"pivot":{"x":0.009360074996948243,"y":0.039700210094451907,"z":0.07128548622131348},"rotation":{"x":0.4482846260070801,"y":0.547722339630127,"z":-0.45288485288619997,"w":0.542163610458374},"size":0.3821330666542053,"orthographic":true}