{"cameraMode":{"drawMode":0,"name":"Shaded","section":"Shading Mode"},"sceneLighting":false,"audioPlay":false,"sceneViewState":{"m_AlwaysRefresh":false,"showFog":true,"showSkybox":false,"showFlares":true,"showImageEffects":true,"showParticleSystems":true,"showVisualEffectGraphs":true,"m_FxEnabled":true},"in2DMode":false,"pivot":{"x":-15.569581985473633,"y":-29.569766998291017,"z":-12.793203353881836},"rotation":{"x":-0.13149257004261018,"y":0.8682715892791748,"z":-0.3271276354789734,"w":-0.34901463985443118},"size":29.582605361938478,"orthographic":false}