{"cameraMode":{"drawMode":0,"name":"Shaded","section":"Shading Mode"},"sceneLighting":true,"audioPlay":false,"sceneViewState":{"m_AlwaysRefresh":false,"showFog":true,"showSkybox":true,"showFlares":true,"showImageEffects":true,"showParticleSystems":true,"showVisualEffectGraphs":true,"m_FxEnabled":true},"in2DMode":false,"pivot":{"x":3.482318878173828,"y":-1.0592269897460938,"z":16.060518264770509},"rotation":{"x":0.7017807960510254,"y":-0.0021371631883084776,"z":0.0021053492091596128,"w":0.7123870253562927},"size":26.731765747070314,"orthographic":true}