{"cameraMode":{"drawMode":0,"name":"Shaded","section":"Shading Mode"},"sceneLighting":true,"audioPlay":false,"sceneViewState":{"m_AlwaysRefresh":false,"showFog":true,"showSkybox":true,"showFlares":true,"showImageEffects":true,"showParticleSystems":true,"showVisualEffectGraphs":true,"m_FxEnabled":true},"in2DMode":false,"pivot":{"x":-0.7938728332519531,"y":1.3409159183502198,"z":4.4419755935668949},"rotation":{"x":-0.25068172812461855,"y":0.31841856241226199,"z":-0.08771449327468872,"w":-0.9099901914596558},"size":2.952427864074707,"orthographic":false}