{"cameraMode":{"drawMode":0,"name":"Shaded","section":"Shading Mode"},"sceneLighting":true,"audioPlay":false,"sceneViewState":{"m_AlwaysRefresh":false,"showFog":true,"showSkybox":true,"showFlares":true,"showImageEffects":true,"showParticleSystems":true,"showVisualEffectGraphs":true,"m_FxEnabled":true},"in2DMode":false,"pivot":{"x":7.5154218673706059,"y":18.701257705688478,"z":30.432159423828126},"rotation":{"x":-0.37909525632858279,"y":0.24181780219078065,"z":-0.10332654416561127,"w":-0.8872060775756836},"size":11.500000953674317,"orthographic":false}