{"cameraMode":{"drawMode":0,"name":"Shaded","section":"Shading Mode"},"sceneLighting":true,"audioPlay":false,"sceneViewState":{"m_AlwaysRefresh":false,"showFog":true,"showSkybox":true,"showFlares":true,"showImageEffects":true,"showParticleSystems":true,"showVisualEffectGraphs":true,"m_FxEnabled":true},"in2DMode":false,"pivot":{"x":0.00000476837158203125,"y":3.1550416946411135,"z":0.0000476837158203125},"rotation":{"x":0.24231629073619843,"y":-0.6629124283790588,"z":0.24115078151226045,"w":0.6660970449447632},"size":12.280046463012696,"orthographic":true}