{"cameraMode":{"drawMode":0,"name":"Shaded","section":"Shading Mode"},"sceneLighting":false,"audioPlay":false,"sceneViewState":{"m_AlwaysRefresh":false,"showFog":false,"showSkybox":false,"showFlares":false,"showImageEffects":false,"showParticleSystems":false,"showVisualEffectGraphs":true,"m_FxEnabled":true},"in2DMode":false,"pivot":{"x":0.10303378105163574,"y":1.2291200160980225,"z":0.21405446529388429},"rotation":{"x":-0.3478143811225891,"y":-0.26151520013809206,"z":0.1016758531332016,"w":-0.8945953249931336},"size":2.5847580432891847,"orthographic":false}