{"cameraMode":{"drawMode":0,"name":"Shaded","section":"Shading Mode"},"sceneLighting":false,"audioPlay":false,"sceneViewState":{"m_AlwaysRefresh":false,"showFog":true,"showSkybox":false,"showFlares":true,"showImageEffects":true,"showParticleSystems":true,"showVisualEffectGraphs":true,"m_FxEnabled":true},"in2DMode":false,"pivot":{"x":3.657008171081543,"y":0.7230565547943115,"z":3.4311935901641847},"rotation":{"x":0.042906343936920169,"y":0.1626185029745102,"z":-0.007078464608639479,"w":0.9857304692268372},"size":2.525974750518799,"orthographic":true}