{"cameraMode":{"drawMode":0,"name":"Shaded","section":"Shading Mode"},"sceneLighting":false,"audioPlay":false,"sceneViewState":{"m_AlwaysRefresh":false,"showFog":true,"showSkybox":false,"showFlares":true,"showImageEffects":true,"showParticleSystems":true,"showVisualEffectGraphs":true,"m_FxEnabled":true},"in2DMode":false,"pivot":{"x":3.830554485321045,"y":1.3705265522003174,"z":3.039801597595215},"rotation":{"x":0.09901870042085648,"y":-0.17781689763069154,"z":0.01798657886683941,"w":0.9789041876792908},"size":1.9771966934204102,"orthographic":false}