{"cameraMode":{"drawMode":0,"name":"Shaded","section":"Shading Mode"},"sceneLighting":false,"audioPlay":false,"sceneViewState":{"m_AlwaysRefresh":false,"showFog":true,"showSkybox":false,"showFlares":true,"showImageEffects":true,"showParticleSystems":true,"showVisualEffectGraphs":true,"m_FxEnabled":true},"in2DMode":false,"pivot":{"x":2.788193464279175,"y":1.7131578922271729,"z":0.04975247383117676},"rotation":{"x":0.09901870042085648,"y":-0.17781689763069154,"z":0.01798657886683941,"w":0.9789041876792908},"size":2.4714956283569338,"orthographic":false}