{"cameraMode":{"drawMode":0,"name":"Shaded","section":"Shading Mode"},"sceneLighting":false,"audioPlay":false,"sceneViewState":{"m_AlwaysRefresh":false,"showFog":true,"showSkybox":false,"showFlares":true,"showImageEffects":true,"showParticleSystems":true,"showVisualEffectGraphs":true,"m_FxEnabled":true},"in2DMode":false,"pivot":{"x":2.987311601638794,"y":2.0739681720733644,"z":2.8999998569488527},"rotation":{"x":0.11420509964227677,"y":0.20557749271392823,"z":-0.024162914603948594,"w":0.9716538190841675},"size":3.8509793281555177,"orthographic":true}