{"cameraMode":{"drawMode":0,"name":"Shaded","section":"Shading Mode"},"sceneLighting":false,"audioPlay":false,"sceneViewState":{"m_AlwaysRefresh":false,"showFog":true,"showSkybox":false,"showFlares":true,"showImageEffects":true,"showParticleSystems":true,"showVisualEffectGraphs":true,"m_FxEnabled":true},"in2DMode":false,"pivot":{"x":2.384185791015625e-7,"y":1.031581997871399,"z":0.4829428195953369},"rotation":{"x":0.04691790044307709,"y":0.6769563555717468,"z":-0.04331474006175995,"w":0.7332513928413391},"size":2.1838207244873049,"orthographic":true}