{"cameraMode":{"drawMode":0,"name":"Shaded","section":"Shading Mode"},"sceneLighting":false,"audioPlay":false,"sceneViewState":{"m_AlwaysRefresh":false,"showFog":true,"showSkybox":false,"showFlares":true,"showImageEffects":true,"showParticleSystems":true,"showVisualEffectGraphs":true,"m_FxEnabled":true},"in2DMode":false,"pivot":{"x":-1.5199999809265137,"y":0.4500003457069397,"z":2.830000877380371},"rotation":{"x":0.29785043001174929,"y":0.15939809381961823,"z":-0.05051499232649803,"w":0.9398550987243652},"size":2.1424295902252199,"orthographic":true}