{"cameraMode":{"drawMode":0,"name":"Shaded","section":"Shading Mode"},"sceneLighting":false,"audioPlay":false,"sceneViewState":{"m_AlwaysRefresh":false,"showFog":true,"showSkybox":false,"showFlares":true,"showImageEffects":true,"showParticleSystems":true,"showVisualEffectGraphs":true,"m_FxEnabled":true},"in2DMode":false,"pivot":{"x":0.5358736515045166,"y":0.9876290559768677,"z":0.7368111610412598},"rotation":{"x":-0.07981696724891663,"y":-0.8906669020652771,"z":0.1720416396856308,"w":-0.4132252633571625},"size":2.1838207244873049,"orthographic":false}